pm10,long,lat
21.74595642,5.098902559571796,38.25032146583816
21.74595642,5.143818323777772,38.25032146583816
17.46969986,5.188734087983748,38.25032146583816
17.46969986,5.233649852189724,38.25032146583816
13.48310661,5.2785656163957,38.25032146583816
16.94526672,5.009071031159843,38.28558585958915
16.94526672,5.0539867953658195,38.28558585958915
13.53870773,5.098902559571796,38.28558585958915
13.53870773,5.143818323777772,38.28558585958915
12.84882832,5.188734087983748,38.28558585958915
12.84882832,5.233649852189724,38.28558585958915
11.62574863,5.2785656163957,38.28558585958915
11.62574863,5.323481380601676,38.28558585958915
12.3265667,5.368397144807652,38.28558585958915
12.3265667,5.413312909013628,38.28558585958915
12.3265667,5.458228673219605,38.28558585958915
12.3265667,5.50314443742558,38.28558585958915
13.52914429,5.548060201631556,38.28558585958915
13.52914429,5.592975965837533,38.28558585958915
22.06810379,4.9192395027478915,38.320833129326076
22.06810379,4.964155266953868,38.320833129326076
16.94526672,5.009071031159843,38.320833129326076
16.94526672,5.0539867953658195,38.320833129326076
13.53870773,5.098902559571796,38.320833129326076
13.53870773,5.143818323777772,38.320833129326076
12.84882832,5.188734087983748,38.320833129326076
12.84882832,5.233649852189724,38.320833129326076
11.62574863,5.2785656163957,38.320833129326076
11.62574863,5.323481380601676,38.320833129326076
12.3265667,5.368397144807652,38.320833129326076
12.3265667,5.413312909013628,38.320833129326076
12.3265667,5.458228673219605,38.320833129326076
12.3265667,5.50314443742558,38.320833129326076
13.52914429,5.548060201631556,38.320833129326076
13.52914429,5.592975965837533,38.320833129326076
17.68714523,5.637891730043508,38.320833129326076
17.68714523,5.682807494249484,38.320833129326076
14.78509903,5.727723258455461,38.320833129326076
14.78509903,5.772639022661437,38.320833129326076
15.02346516,5.8175547868674125,38.320833129326076
15.02346516,5.862470551073389,38.320833129326076
16.18101692,5.907386315279365,38.320833129326076
17.41383171,4.82940797433594,38.35606327003141
17.41383171,4.874323738541915,38.35606327003141
20.69887924,4.9192395027478915,38.35606327003141
20.69887924,4.964155266953868,38.35606327003141
17.63812065,5.009071031159843,38.35606327003141
17.63812065,5.0539867953658195,38.35606327003141
15.65188789,5.098902559571796,38.35606327003141
15.65188789,5.143818323777772,38.35606327003141
13.27445126,5.188734087983748,38.35606327003141
13.27445126,5.233649852189724,38.35606327003141
11.87760067,5.2785656163957,38.35606327003141
11.87760067,5.323481380601676,38.35606327003141
11.47117329,5.368397144807652,38.35606327003141
11.47117329,5.413312909013628,38.35606327003141
13.39314747,5.458228673219605,38.35606327003141
13.39314747,5.50314443742558,38.35606327003141
15.8372097,5.548060201631556,38.35606327003141
15.8372097,5.592975965837533,38.35606327003141
17.41952133,5.637891730043508,38.35606327003141
17.41952133,5.682807494249484,38.35606327003141
14.82006741,5.727723258455461,38.35606327003141
14.82006741,5.772639022661437,38.35606327003141
15.11972046,5.8175547868674125,38.35606327003141
15.11972046,5.862470551073389,38.35606327003141
15.11972046,5.907386315279365,38.35606327003141
15.11972046,5.9523020794853405,38.35606327003141
14.98227501,5.997217843691317,38.35606327003141
20.76821327,4.739576445923987,38.39127627671599
20.76821327,4.784492210129963,38.39127627671599
17.41383171,4.82940797433594,38.39127627671599
17.41383171,4.874323738541915,38.39127627671599
20.69887924,4.9192395027478915,38.39127627671599
20.69887924,4.964155266953868,38.39127627671599
17.63812065,5.009071031159843,38.39127627671599
17.63812065,5.0539867953658195,38.39127627671599
15.65188789,5.098902559571796,38.39127627671599
15.65188789,5.143818323777772,38.39127627671599
13.27445126,5.188734087983748,38.39127627671599
13.27445126,5.233649852189724,38.39127627671599
11.87760067,5.2785656163957,38.39127627671599
11.87760067,5.323481380601676,38.39127627671599
11.47117329,5.368397144807652,38.39127627671599
11.47117329,5.413312909013628,38.39127627671599
13.39314747,5.458228673219605,38.39127627671599
13.39314747,5.50314443742558,38.39127627671599
15.8372097,5.548060201631556,38.39127627671599
15.8372097,5.592975965837533,38.39127627671599
17.41952133,5.637891730043508,38.39127627671599
17.41952133,5.682807494249484,38.39127627671599
14.82006741,5.727723258455461,38.39127627671599
14.82006741,5.772639022661437,38.39127627671599
15.11972046,5.8175547868674125,38.39127627671599
15.11972046,5.862470551073389,38.39127627671599
15.11972046,5.907386315279365,38.39127627671599
15.11972046,5.9523020794853405,38.39127627671599
14.98227501,5.997217843691317,38.39127627671599
14.98227501,6.042133607897293,38.39127627671599
20.16778755,4.6497449175120344,38.42647214441896
20.16778755,4.694660681718011,38.42647214441896
20.5986557,4.739576445923987,38.42647214441896
20.5986557,4.784492210129963,38.42647214441896
18.20957756,4.82940797433594,38.42647214441896
18.20957756,4.874323738541915,38.42647214441896
19.51239586,4.9192395027478915,38.42647214441896
19.51239586,4.964155266953868,38.42647214441896
12.45480061,5.009071031159843,38.42647214441896
12.45480061,5.0539867953658195,38.42647214441896
13.76887894,5.098902559571796,38.42647214441896
13.76887894,5.143818323777772,38.42647214441896
13.72889423,5.188734087983748,38.42647214441896
13.72889423,5.233649852189724,38.42647214441896
11.75693798,5.2785656163957,38.42647214441896
11.75693798,5.323481380601676,38.42647214441896
11.414258,5.368397144807652,38.42647214441896
11.414258,5.413312909013628,38.42647214441896
12.07594681,5.458228673219605,38.42647214441896
12.07594681,5.50314443742558,38.42647214441896
13.62953663,5.548060201631556,38.42647214441896
13.62953663,5.592975965837533,38.42647214441896
17.26319122,5.637891730043508,38.42647214441896
17.26319122,5.682807494249484,38.42647214441896
14.42383862,5.727723258455461,38.42647214441896
14.42383862,5.772639022661437,38.42647214441896
14.84870434,5.8175547868674125,38.42647214441896
14.84870434,5.862470551073389,38.42647214441896
12.83622837,5.907386315279365,38.42647214441896
12.83622837,5.9523020794853405,38.42647214441896
11.98749542,5.997217843691317,38.42647214441896
11.98749542,6.042133607897293,38.42647214441896
21.42776108,4.604829153306058,38.46165086820774
20.16778755,4.6497449175120344,38.46165086820774
20.16778755,4.694660681718011,38.46165086820774
20.5986557,4.739576445923987,38.46165086820774
20.5986557,4.784492210129963,38.46165086820774
18.20957756,4.82940797433594,38.46165086820774
18.20957756,4.874323738541915,38.46165086820774
19.51239586,4.9192395027478915,38.46165086820774
19.51239586,4.964155266953868,38.46165086820774
12.45480061,5.009071031159843,38.46165086820774
12.45480061,5.0539867953658195,38.46165086820774
13.76887894,5.098902559571796,38.46165086820774
13.76887894,5.143818323777772,38.46165086820774
13.72889423,5.188734087983748,38.46165086820774
13.72889423,5.233649852189724,38.46165086820774
11.75693798,5.2785656163957,38.46165086820774
11.75693798,5.323481380601676,38.46165086820774
11.414258,5.368397144807652,38.46165086820774
11.414258,5.413312909013628,38.46165086820774
12.07594681,5.458228673219605,38.46165086820774
12.07594681,5.50314443742558,38.46165086820774
13.62953663,5.548060201631556,38.46165086820774
13.62953663,5.592975965837533,38.46165086820774
17.26319122,5.637891730043508,38.46165086820774
17.26319122,5.682807494249484,38.46165086820774
14.42383862,5.727723258455461,38.46165086820774
14.42383862,5.772639022661437,38.46165086820774
14.84870434,5.8175547868674125,38.46165086820774
14.84870434,5.862470551073389,38.46165086820774
12.83622837,5.907386315279365,38.46165086820774
12.83622837,5.9523020794853405,38.46165086820774
11.98749542,5.997217843691317,38.46165086820774
11.98749542,6.042133607897293,38.46165086820774
10.46118259,4.604829153306058,38.49681244317804
20.48792267,4.6497449175120344,38.49681244317804
20.48792267,4.694660681718011,38.49681244317804
20.48792267,4.739576445923987,38.49681244317804
20.48792267,4.784492210129963,38.49681244317804
21.26333809,4.82940797433594,38.49681244317804
21.26333809,4.874323738541915,38.49681244317804
18.32463837,4.9192395027478915,38.49681244317804
18.32463837,4.964155266953868,38.49681244317804
15.39789295,5.009071031159843,38.49681244317804
15.39789295,5.0539867953658195,38.49681244317804
12.01355171,5.098902559571796,38.49681244317804
12.01355171,5.143818323777772,38.49681244317804
10.52825069,5.188734087983748,38.49681244317804
10.52825069,5.233649852189724,38.49681244317804
13.45790768,5.2785656163957,38.49681244317804
13.45790768,5.323481380601676,38.49681244317804
13.28875637,5.368397144807652,38.49681244317804
13.28875637,5.413312909013628,38.49681244317804
13.71520615,5.458228673219605,38.49681244317804
13.71520615,5.50314443742558,38.49681244317804
13.25908184,5.548060201631556,38.49681244317804
13.25908184,5.592975965837533,38.49681244317804
16.20070839,5.637891730043508,38.49681244317804
16.20070839,5.682807494249484,38.49681244317804
12.26761055,5.727723258455461,38.49681244317804
12.26761055,5.772639022661437,38.49681244317804
12.84011364,5.8175547868674125,38.49681244317804
12.84011364,5.862470551073389,38.49681244317804
10.44040203,5.907386315279365,38.49681244317804
10.44040203,5.9523020794853405,38.49681244317804
10.48277855,5.997217843691317,38.49681244317804
10.48277855,6.042133607897293,38.49681244317804
7.34948587,6.0870493721032695,38.49681244317804
10.46118259,4.559913389100082,38.53195686445377
10.46118259,4.604829153306058,38.53195686445377
20.48792267,4.6497449175120344,38.53195686445377
20.48792267,4.694660681718011,38.53195686445377
20.48792267,4.739576445923987,38.53195686445377
20.48792267,4.784492210129963,38.53195686445377
21.26333809,4.82940797433594,38.53195686445377
21.26333809,4.874323738541915,38.53195686445377
18.32463837,4.9192395027478915,38.53195686445377
18.32463837,4.964155266953868,38.53195686445377
15.39789295,5.009071031159843,38.53195686445377
15.39789295,5.0539867953658195,38.53195686445377
12.01355171,5.098902559571796,38.53195686445377
12.01355171,5.143818323777772,38.53195686445377
10.52825069,5.188734087983748,38.53195686445377
10.52825069,5.233649852189724,38.53195686445377
13.45790768,5.2785656163957,38.53195686445377
13.45790768,5.323481380601676,38.53195686445377
13.28875637,5.368397144807652,38.53195686445377
13.28875637,5.413312909013628,38.53195686445377
13.71520615,5.458228673219605,38.53195686445377
13.71520615,5.50314443742558,38.53195686445377
13.25908184,5.548060201631556,38.53195686445377
13.25908184,5.592975965837533,38.53195686445377
16.20070839,5.637891730043508,38.53195686445377
16.20070839,5.682807494249484,38.53195686445377
12.26761055,5.727723258455461,38.53195686445377
12.26761055,5.772639022661437,38.53195686445377
12.84011364,5.8175547868674125,38.53195686445377
12.84011364,5.862470551073389,38.53195686445377
10.44040203,5.907386315279365,38.53195686445377
10.44040203,5.9523020794853405,38.53195686445377
10.48277855,5.997217843691317,38.53195686445377
10.48277855,6.042133607897293,38.53195686445377
7.34948587,6.0870493721032695,38.53195686445377
13.03225708,4.559913389100082,38.56708412718706
13.03225708,4.604829153306058,38.56708412718706
18.47920799,4.6497449175120344,38.56708412718706
18.47920799,4.694660681718011,38.56708412718706
21.03032684,4.739576445923987,38.56708412718706
21.03032684,4.784492210129963,38.56708412718706
21.06523895,4.82940797433594,38.56708412718706
21.06523895,4.874323738541915,38.56708412718706
19.93543625,4.9192395027478915,38.56708412718706
19.93543625,4.964155266953868,38.56708412718706
18.33742714,5.009071031159843,38.56708412718706
18.33742714,5.0539867953658195,38.56708412718706
15.50867271,5.098902559571796,38.56708412718706
15.50867271,5.143818323777772,38.56708412718706
15.82021809,5.188734087983748,38.56708412718706
15.82021809,5.233649852189724,38.56708412718706
11.64864731,5.2785656163957,38.56708412718706
11.64864731,5.323481380601676,38.56708412718706
12.98561192,5.368397144807652,38.56708412718706
12.98561192,5.413312909013628,38.56708412718706
14.30387402,5.458228673219605,38.56708412718706
14.30387402,5.50314443742558,38.56708412718706
13.36075878,5.548060201631556,38.56708412718706
13.36075878,5.592975965837533,38.56708412718706
13.30414391,5.637891730043508,38.56708412718706
13.30414391,5.682807494249484,38.56708412718706
10.24837971,5.727723258455461,38.56708412718706
10.24837971,5.772639022661437,38.56708412718706
10.52535439,5.8175547868674125,38.56708412718706
10.52535439,5.862470551073389,38.56708412718706
12.29657745,5.907386315279365,38.56708412718706
12.29657745,5.9523020794853405,38.56708412718706
7.60540915,5.997217843691317,38.56708412718706
7.60540915,6.042133607897293,38.56708412718706
4.63279819,6.0870493721032695,38.56708412718706
13.03225708,4.559913389100082,38.60219422655822
13.03225708,4.604829153306058,38.60219422655822
18.47920799,4.6497449175120344,38.60219422655822
18.47920799,4.694660681718011,38.60219422655822
21.03032684,4.739576445923987,38.60219422655822
21.03032684,4.784492210129963,38.60219422655822
21.06523895,4.82940797433594,38.60219422655822
21.06523895,4.874323738541915,38.60219422655822
19.93543625,4.9192395027478915,38.60219422655822
19.93543625,4.964155266953868,38.60219422655822
18.33742714,5.009071031159843,38.60219422655822
18.33742714,5.0539867953658195,38.60219422655822
15.50867271,5.098902559571796,38.60219422655822
15.50867271,5.143818323777772,38.60219422655822
15.82021809,5.188734087983748,38.60219422655822
15.82021809,5.233649852189724,38.60219422655822
11.64864731,5.2785656163957,38.60219422655822
11.64864731,5.323481380601676,38.60219422655822
12.98561192,5.368397144807652,38.60219422655822
12.98561192,5.413312909013628,38.60219422655822
14.30387402,5.458228673219605,38.60219422655822
14.30387402,5.50314443742558,38.60219422655822
13.36075878,5.548060201631556,38.60219422655822
13.36075878,5.592975965837533,38.60219422655822
13.30414391,5.637891730043508,38.60219422655822
13.30414391,5.682807494249484,38.60219422655822
10.24837971,5.727723258455461,38.60219422655822
10.24837971,5.772639022661437,38.60219422655822
10.52535439,5.8175547868674125,38.60219422655822
10.52535439,5.862470551073389,38.60219422655822
12.29657745,5.907386315279365,38.60219422655822
12.29657745,5.9523020794853405,38.60219422655822
7.60540915,5.997217843691317,38.60219422655822
7.60540915,6.042133607897293,38.60219422655822
4.63279819,6.0870493721032695,38.60219422655822
4.63279819,6.131965136309245,38.60219422655822
14.61769104,4.559913389100082,38.63728715777567
14.61769104,4.604829153306058,38.63728715777567
23.51679802,4.6497449175120344,38.63728715777567
23.51679802,4.694660681718011,38.63728715777567
21.64988327,4.739576445923987,38.63728715777567
21.64988327,4.784492210129963,38.63728715777567
21.06523895,4.82940797433594,38.63728715777567
21.06523895,4.874323738541915,38.63728715777567
17.28536797,4.9192395027478915,38.63728715777567
17.28536797,4.964155266953868,38.63728715777567
16.9091835,5.009071031159843,38.63728715777567
16.9091835,5.0539867953658195,38.63728715777567
17.41990662,5.098902559571796,38.63728715777567
17.41990662,5.143818323777772,38.63728715777567
15.82021809,5.188734087983748,38.63728715777567
15.82021809,5.233649852189724,38.63728715777567
15.59251404,5.2785656163957,38.63728715777567
15.59251404,5.323481380601676,38.63728715777567
15.34677219,5.368397144807652,38.63728715777567
15.34677219,5.413312909013628,38.63728715777567
14.72167397,5.458228673219605,38.63728715777567
14.72167397,5.50314443742558,38.63728715777567
10.07121372,5.548060201631556,38.63728715777567
10.07121372,5.592975965837533,38.63728715777567
7.61158705,5.637891730043508,38.63728715777567
7.61158705,5.682807494249484,38.63728715777567
7.61158705,5.727723258455461,38.63728715777567
7.61158705,5.772639022661437,38.63728715777567
7.5802722,5.8175547868674125,38.63728715777567
7.5802722,5.862470551073389,38.63728715777567
12.2775898,5.907386315279365,38.63728715777567
12.2775898,5.9523020794853405,38.63728715777567
7.5290451,5.997217843691317,38.63728715777567
7.5290451,6.042133607897293,38.63728715777567
5.08204889,6.0870493721032695,38.63728715777567
5.08204889,6.131965136309245,38.63728715777567
13.57194805,4.514997624894106,38.672362916075976
14.61769104,4.559913389100082,38.672362916075976
14.61769104,4.604829153306058,38.672362916075976
23.51679802,4.6497449175120344,38.672362916075976
23.51679802,4.694660681718011,38.672362916075976
21.64988327,4.739576445923987,38.672362916075976
21.64988327,4.784492210129963,38.672362916075976
21.06523895,4.82940797433594,38.672362916075976
21.06523895,4.874323738541915,38.672362916075976
17.28536797,4.9192395027478915,38.672362916075976
17.28536797,4.964155266953868,38.672362916075976
16.9091835,5.009071031159843,38.672362916075976
16.9091835,5.0539867953658195,38.672362916075976
17.41990662,5.098902559571796,38.672362916075976
17.41990662,5.143818323777772,38.672362916075976
15.82021809,5.188734087983748,38.672362916075976
15.82021809,5.233649852189724,38.672362916075976
15.59251404,5.2785656163957,38.672362916075976
15.59251404,5.323481380601676,38.672362916075976
15.34677219,5.368397144807652,38.672362916075976
15.34677219,5.413312909013628,38.672362916075976
14.72167397,5.458228673219605,38.672362916075976
14.72167397,5.50314443742558,38.672362916075976
10.07121372,5.548060201631556,38.672362916075976
10.07121372,5.592975965837533,38.672362916075976
7.61158705,5.637891730043508,38.672362916075976
7.61158705,5.682807494249484,38.672362916075976
7.61158705,5.727723258455461,38.672362916075976
7.61158705,5.772639022661437,38.672362916075976
7.5802722,5.8175547868674125,38.672362916075976
7.5802722,5.862470551073389,38.672362916075976
12.2775898,5.907386315279365,38.672362916075976
12.2775898,5.9523020794853405,38.672362916075976
7.5290451,5.997217843691317,38.672362916075976
7.5290451,6.042133607897293,38.672362916075976
5.08204889,6.0870493721032695,38.672362916075976
5.08204889,6.131965136309245,38.672362916075976
3.47320008,6.176880900515221,38.672362916075976
13.26280403,4.514997624894106,38.707421496723754
13.09584332,4.559913389100082,38.707421496723754
13.09584332,4.604829153306058,38.707421496723754
21.16053391,4.6497449175120344,38.707421496723754
21.16053391,4.694660681718011,38.707421496723754
18.92996025,4.739576445923987,38.707421496723754
18.92996025,4.784492210129963,38.707421496723754
19.25354958,4.82940797433594,38.707421496723754
19.25354958,4.874323738541915,38.707421496723754
17.66278648,4.9192395027478915,38.707421496723754
17.66278648,4.964155266953868,38.707421496723754
14.33550739,5.009071031159843,38.707421496723754
14.33550739,5.0539867953658195,38.707421496723754
19.17714691,5.098902559571796,38.707421496723754
19.17714691,5.143818323777772,38.707421496723754
17.1528244,5.188734087983748,38.707421496723754
17.1528244,5.233649852189724,38.707421496723754
17.71261597,5.2785656163957,38.707421496723754
17.71261597,5.323481380601676,38.707421496723754
16.93095398,5.368397144807652,38.707421496723754
16.93095398,5.413312909013628,38.707421496723754
13.28849792,5.458228673219605,38.707421496723754
13.28849792,5.50314443742558,38.707421496723754
10.07121372,5.548060201631556,38.707421496723754
10.07121372,5.592975965837533,38.707421496723754
9.65296364,5.637891730043508,38.707421496723754
9.65296364,5.682807494249484,38.707421496723754
9.29415607,5.727723258455461,38.707421496723754
9.29415607,5.772639022661437,38.707421496723754
14.10042477,5.8175547868674125,38.707421496723754
14.10042477,5.862470551073389,38.707421496723754
10.5899601,5.907386315279365,38.707421496723754
10.5899601,5.9523020794853405,38.707421496723754
7.65684509,5.997217843691317,38.707421496723754
7.65684509,6.042133607897293,38.707421496723754
5.79482412,6.0870493721032695,38.707421496723754
5.79482412,6.131965136309245,38.707421496723754
8.7797842,6.176880900515221,38.707421496723754
13.26280403,4.514997624894106,38.7424628950117
13.09584332,4.559913389100082,38.7424628950117
13.09584332,4.604829153306058,38.7424628950117
21.16053391,4.6497449175120344,38.7424628950117
21.16053391,4.694660681718011,38.7424628950117
18.92996025,4.739576445923987,38.7424628950117
18.92996025,4.784492210129963,38.7424628950117
19.25354958,4.82940797433594,38.7424628950117
19.25354958,4.874323738541915,38.7424628950117
17.66278648,4.9192395027478915,38.7424628950117
17.66278648,4.964155266953868,38.7424628950117
14.33550739,5.009071031159843,38.7424628950117
14.33550739,5.0539867953658195,38.7424628950117
19.17714691,5.098902559571796,38.7424628950117
19.17714691,5.143818323777772,38.7424628950117
17.1528244,5.188734087983748,38.7424628950117
17.1528244,5.233649852189724,38.7424628950117
17.71261597,5.2785656163957,38.7424628950117
17.71261597,5.323481380601676,38.7424628950117
16.93095398,5.368397144807652,38.7424628950117
16.93095398,5.413312909013628,38.7424628950117
13.28849792,5.458228673219605,38.7424628950117
13.28849792,5.50314443742558,38.7424628950117
10.07121372,5.548060201631556,38.7424628950117
10.07121372,5.592975965837533,38.7424628950117
9.65296364,5.637891730043508,38.7424628950117
9.65296364,5.682807494249484,38.7424628950117
9.29415607,5.727723258455461,38.7424628950117
9.29415607,5.772639022661437,38.7424628950117
14.10042477,5.8175547868674125,38.7424628950117
14.10042477,5.862470551073389,38.7424628950117
10.5899601,5.907386315279365,38.7424628950117
10.5899601,5.9523020794853405,38.7424628950117
7.65684509,5.997217843691317,38.7424628950117
7.65684509,6.042133607897293,38.7424628950117
5.79482412,6.0870493721032695,38.7424628950117
5.79482412,6.131965136309245,38.7424628950117
8.7797842,6.176880900515221,38.7424628950117
13.1962719,4.514997624894106,38.77748710626051
18.7045269,4.559913389100082,38.77748710626051
18.7045269,4.604829153306058,38.77748710626051
18.7045269,4.6497449175120344,38.77748710626051
18.7045269,4.694660681718011,38.77748710626051
21.59770584,4.739576445923987,38.77748710626051
21.59770584,4.784492210129963,38.77748710626051
16.62475204,4.82940797433594,38.77748710626051
16.62475204,4.874323738541915,38.77748710626051
15.46004486,4.9192395027478915,38.77748710626051
15.46004486,4.964155266953868,38.77748710626051
12.78749752,5.009071031159843,38.77748710626051
12.78749752,5.0539867953658195,38.77748710626051
16.24028969,5.098902559571796,38.77748710626051
16.24028969,5.143818323777772,38.77748710626051
18.2829113,5.188734087983748,38.77748710626051
18.2829113,5.233649852189724,38.77748710626051
19.43556213,5.2785656163957,38.77748710626051
19.43556213,5.323481380601676,38.77748710626051
18.0956707,5.368397144807652,38.77748710626051
18.0956707,5.413312909013628,38.77748710626051
14.57350159,5.458228673219605,38.77748710626051
14.57350159,5.50314443742558,38.77748710626051
11.98138428,5.548060201631556,38.77748710626051
11.98138428,5.592975965837533,38.77748710626051
12.17967892,5.637891730043508,38.77748710626051
12.17967892,5.682807494249484,38.77748710626051
11.45046711,5.727723258455461,38.77748710626051
11.45046711,5.772639022661437,38.77748710626051
14.44517422,5.8175547868674125,38.77748710626051
14.44517422,5.862470551073389,38.77748710626051
12.55575657,5.907386315279365,38.77748710626051
12.55575657,5.9523020794853405,38.77748710626051
11.13775349,5.997217843691317,38.77748710626051
11.13775349,6.042133607897293,38.77748710626051
12.28386021,6.0870493721032695,38.77748710626051
12.28386021,6.131965136309245,38.77748710626051
12.351367,6.176880900515221,38.77748710626051
12.351367,6.2217966647211975,38.77748710626051
13.1962719,4.47008186068813,38.81249412581887
13.1962719,4.514997624894106,38.81249412581887
18.7045269,4.559913389100082,38.81249412581887
18.7045269,4.604829153306058,38.81249412581887
18.7045269,4.6497449175120344,38.81249412581887
18.7045269,4.694660681718011,38.81249412581887
21.59770584,4.739576445923987,38.81249412581887
21.59770584,4.784492210129963,38.81249412581887
16.62475204,4.82940797433594,38.81249412581887
16.62475204,4.874323738541915,38.81249412581887
15.46004486,4.9192395027478915,38.81249412581887
15.46004486,4.964155266953868,38.81249412581887
12.78749752,5.009071031159843,38.81249412581887
12.78749752,5.0539867953658195,38.81249412581887
16.24028969,5.098902559571796,38.81249412581887
16.24028969,5.143818323777772,38.81249412581887
18.2829113,5.188734087983748,38.81249412581887
18.2829113,5.233649852189724,38.81249412581887
19.43556213,5.2785656163957,38.81249412581887
19.43556213,5.323481380601676,38.81249412581887
18.0956707,5.368397144807652,38.81249412581887
18.0956707,5.413312909013628,38.81249412581887
14.57350159,5.458228673219605,38.81249412581887
14.57350159,5.50314443742558,38.81249412581887
11.98138428,5.548060201631556,38.81249412581887
11.98138428,5.592975965837533,38.81249412581887
12.17967892,5.637891730043508,38.81249412581887
12.17967892,5.682807494249484,38.81249412581887
11.45046711,5.727723258455461,38.81249412581887
11.45046711,5.772639022661437,38.81249412581887
14.44517422,5.8175547868674125,38.81249412581887
14.44517422,5.862470551073389,38.81249412581887
12.55575657,5.907386315279365,38.81249412581887
12.55575657,5.9523020794853405,38.81249412581887
11.13775349,5.997217843691317,38.81249412581887
11.13775349,6.042133607897293,38.81249412581887
12.28386021,6.0870493721032695,38.81249412581887
12.28386021,6.131965136309245,38.81249412581887
12.351367,6.176880900515221,38.81249412581887
12.351367,6.2217966647211975,38.81249412581887
12.6590929,4.47008186068813,38.84748394906344
12.6590929,4.514997624894106,38.84748394906344
20.24700546,4.559913389100082,38.84748394906344
20.24700546,4.604829153306058,38.84748394906344
18.23108292,4.6497449175120344,38.84748394906344
18.23108292,4.694660681718011,38.84748394906344
16.82609749,4.739576445923987,38.84748394906344
16.82609749,4.784492210129963,38.84748394906344
15.21833992,4.82940797433594,38.84748394906344
15.21833992,4.874323738541915,38.84748394906344
12.97230721,4.9192395027478915,38.84748394906344
12.97230721,4.964155266953868,38.84748394906344
13.74775314,5.009071031159843,38.84748394906344
13.74775314,5.0539867953658195,38.84748394906344
13.74775314,5.098902559571796,38.84748394906344
13.74775314,5.143818323777772,38.84748394906344
15.90865993,5.188734087983748,38.84748394906344
15.90865993,5.233649852189724,38.84748394906344
14.5482626,5.2785656163957,38.84748394906344
14.5482626,5.323481380601676,38.84748394906344
14.03411007,5.368397144807652,38.84748394906344
14.03411007,5.413312909013628,38.84748394906344
14.79846954,5.458228673219605,38.84748394906344
14.79846954,5.50314443742558,38.84748394906344
15.7425251,5.548060201631556,38.84748394906344
15.7425251,5.592975965837533,38.84748394906344
14.66322136,5.637891730043508,38.84748394906344
14.66322136,5.682807494249484,38.84748394906344
14.32961082,5.727723258455461,38.84748394906344
14.32961082,5.772639022661437,38.84748394906344
14.35940647,5.8175547868674125,38.84748394906344
14.35940647,5.862470551073389,38.84748394906344
15.64074707,5.907386315279365,38.84748394906344
15.64074707,5.9523020794853405,38.84748394906344
16.7514534,5.997217843691317,38.84748394906344
16.7514534,6.042133607897293,38.84748394906344
15.63519478,6.0870493721032695,38.84748394906344
15.63519478,6.131965136309245,38.84748394906344
15.23997021,6.176880900515221,38.84748394906344
15.23997021,6.2217966647211975,38.84748394906344
12.6590929,4.47008186068813,38.88245657139881
12.6590929,4.514997624894106,38.88245657139881
20.24700546,4.559913389100082,38.88245657139881
20.24700546,4.604829153306058,38.88245657139881
18.23108292,4.6497449175120344,38.88245657139881
18.23108292,4.694660681718011,38.88245657139881
16.82609749,4.739576445923987,38.88245657139881
16.82609749,4.784492210129963,38.88245657139881
15.21833992,4.82940797433594,38.88245657139881
15.21833992,4.874323738541915,38.88245657139881
12.97230721,4.9192395027478915,38.88245657139881
12.97230721,4.964155266953868,38.88245657139881
13.74775314,5.009071031159843,38.88245657139881
13.74775314,5.0539867953658195,38.88245657139881
13.74775314,5.098902559571796,38.88245657139881
13.74775314,5.143818323777772,38.88245657139881
15.90865993,5.188734087983748,38.88245657139881
15.90865993,5.233649852189724,38.88245657139881
14.5482626,5.2785656163957,38.88245657139881
14.5482626,5.323481380601676,38.88245657139881
14.03411007,5.368397144807652,38.88245657139881
14.03411007,5.413312909013628,38.88245657139881
14.79846954,5.458228673219605,38.88245657139881
14.79846954,5.50314443742558,38.88245657139881
15.7425251,5.548060201631556,38.88245657139881
15.7425251,5.592975965837533,38.88245657139881
14.66322136,5.637891730043508,38.88245657139881
14.66322136,5.682807494249484,38.88245657139881
14.32961082,5.727723258455461,38.88245657139881
14.32961082,5.772639022661437,38.88245657139881
14.35940647,5.8175547868674125,38.88245657139881
14.35940647,5.862470551073389,38.88245657139881
15.64074707,5.907386315279365,38.88245657139881
15.64074707,5.9523020794853405,38.88245657139881
16.7514534,5.997217843691317,38.88245657139881
16.7514534,6.042133607897293,38.88245657139881
15.63519478,6.0870493721032695,38.88245657139881
15.63519478,6.131965136309245,38.88245657139881
15.23997021,6.176880900515221,38.88245657139881
15.23997021,6.2217966647211975,38.88245657139881
14.19350433,4.425166096482154,38.917411988257456
15.9936161,4.47008186068813,38.917411988257456
15.9936161,4.514997624894106,38.917411988257456
19.79623604,4.559913389100082,38.917411988257456
19.79623604,4.604829153306058,38.917411988257456
20.20293236,4.6497449175120344,38.917411988257456
20.20293236,4.694660681718011,38.917411988257456
18.47246552,4.739576445923987,38.917411988257456
18.47246552,4.784492210129963,38.917411988257456
15.64862347,4.82940797433594,38.917411988257456
15.64862347,4.874323738541915,38.917411988257456
14.44412327,4.9192395027478915,38.917411988257456
14.44412327,4.964155266953868,38.917411988257456
13.11959934,5.009071031159843,38.917411988257456
13.11959934,5.0539867953658195,38.917411988257456
14.59103298,5.098902559571796,38.917411988257456
14.59103298,5.143818323777772,38.917411988257456
12.15058422,5.188734087983748,38.917411988257456
12.15058422,5.233649852189724,38.917411988257456
12.67560005,5.2785656163957,38.917411988257456
12.67560005,5.323481380601676,38.917411988257456
14.69727707,5.368397144807652,38.917411988257456
14.69727707,5.413312909013628,38.917411988257456
14.2259798,5.458228673219605,38.917411988257456
14.2259798,5.50314443742558,38.917411988257456
15.91384888,5.548060201631556,38.917411988257456
15.91384888,5.592975965837533,38.917411988257456
18.26385498,5.637891730043508,38.917411988257456
18.26385498,5.682807494249484,38.917411988257456
15.13082314,5.727723258455461,38.917411988257456
15.13082314,5.772639022661437,38.917411988257456
12.65527916,5.8175547868674125,38.917411988257456
12.65527916,5.862470551073389,38.917411988257456
12.01807499,5.907386315279365,38.917411988257456
12.01807499,5.9523020794853405,38.917411988257456
12.3774128,5.997217843691317,38.917411988257456
12.3774128,6.042133607897293,38.917411988257456
15.42335987,6.0870493721032695,38.917411988257456
15.42335987,6.131965136309245,38.917411988257456
19.25400543,6.176880900515221,38.917411988257456
19.25400543,6.2217966647211975,38.917411988257456
14.19350433,4.425166096482154,38.95235019509974
15.9936161,4.47008186068813,38.95235019509974
15.9936161,4.514997624894106,38.95235019509974
19.79623604,4.559913389100082,38.95235019509974
19.79623604,4.604829153306058,38.95235019509974
20.20293236,4.6497449175120344,38.95235019509974
20.20293236,4.694660681718011,38.95235019509974
18.47246552,4.739576445923987,38.95235019509974
18.47246552,4.784492210129963,38.95235019509974
15.64862347,4.82940797433594,38.95235019509974
15.64862347,4.874323738541915,38.95235019509974
14.44412327,4.9192395027478915,38.95235019509974
14.44412327,4.964155266953868,38.95235019509974
13.11959934,5.009071031159843,38.95235019509974
13.11959934,5.0539867953658195,38.95235019509974
14.59103298,5.098902559571796,38.95235019509974
14.59103298,5.143818323777772,38.95235019509974
12.15058422,5.188734087983748,38.95235019509974
12.15058422,5.233649852189724,38.95235019509974
12.67560005,5.2785656163957,38.95235019509974
12.67560005,5.323481380601676,38.95235019509974
14.69727707,5.368397144807652,38.95235019509974
14.69727707,5.413312909013628,38.95235019509974
14.2259798,5.458228673219605,38.95235019509974
14.2259798,5.50314443742558,38.95235019509974
15.91384888,5.548060201631556,38.95235019509974
15.91384888,5.592975965837533,38.95235019509974
18.26385498,5.637891730043508,38.95235019509974
18.26385498,5.682807494249484,38.95235019509974
15.13082314,5.727723258455461,38.95235019509974
15.13082314,5.772639022661437,38.95235019509974
12.65527916,5.8175547868674125,38.95235019509974
12.65527916,5.862470551073389,38.95235019509974
12.01807499,5.907386315279365,38.95235019509974
12.01807499,5.9523020794853405,38.95235019509974
12.3774128,5.997217843691317,38.95235019509974
12.3774128,6.042133607897293,38.95235019509974
15.42335987,6.0870493721032695,38.95235019509974
15.42335987,6.131965136309245,38.95235019509974
19.25400543,6.176880900515221,38.95235019509974
19.25400543,6.2217966647211975,38.95235019509974
13.36449718,4.425166096482154,38.987271187413825
13.61453247,4.47008186068813,38.987271187413825
13.61453247,4.514997624894106,38.987271187413825
19.3232975,4.559913389100082,38.987271187413825
19.3232975,4.604829153306058,38.987271187413825
19.33651733,4.6497449175120344,38.987271187413825
19.33651733,4.694660681718011,38.987271187413825
19.04085922,4.739576445923987,38.987271187413825
19.04085922,4.784492210129963,38.987271187413825
14.45252323,4.82940797433594,38.987271187413825
14.45252323,4.874323738541915,38.987271187413825
12.9333353,4.9192395027478915,38.987271187413825
12.9333353,4.964155266953868,38.987271187413825
12.97913074,5.009071031159843,38.987271187413825
12.97913074,5.0539867953658195,38.987271187413825
13.59246445,5.098902559571796,38.987271187413825
13.59246445,5.143818323777772,38.987271187413825
13.59101868,5.188734087983748,38.987271187413825
13.59101868,5.233649852189724,38.987271187413825
11.43173409,5.2785656163957,38.987271187413825
11.43173409,5.323481380601676,38.987271187413825
14.08791733,5.368397144807652,38.987271187413825
14.08791733,5.413312909013628,38.987271187413825
13.97154617,5.458228673219605,38.987271187413825
13.97154617,5.50314443742558,38.987271187413825
16.08687592,5.548060201631556,38.987271187413825
16.08687592,5.592975965837533,38.987271187413825
15.40243721,5.637891730043508,38.987271187413825
15.40243721,5.682807494249484,38.987271187413825
11.23485088,5.727723258455461,38.987271187413825
11.23485088,5.772639022661437,38.987271187413825
10.03491879,5.8175547868674125,38.987271187413825
10.03491879,5.862470551073389,38.987271187413825
9.82275295,5.907386315279365,38.987271187413825
9.82275295,5.9523020794853405,38.987271187413825
13.2842474,5.997217843691317,38.987271187413825
13.2842474,6.042133607897293,38.987271187413825
13.2842474,6.0870493721032695,38.987271187413825
13.2842474,6.131965136309245,38.987271187413825
15.37828445,6.176880900515221,38.987271187413825
13.36449718,4.425166096482154,39.02217496071575
13.61453247,4.47008186068813,39.02217496071575
13.61453247,4.514997624894106,39.02217496071575
19.3232975,4.559913389100082,39.02217496071575
19.3232975,4.604829153306058,39.02217496071575
19.33651733,4.6497449175120344,39.02217496071575
19.33651733,4.694660681718011,39.02217496071575
19.04085922,4.739576445923987,39.02217496071575
19.04085922,4.784492210129963,39.02217496071575
14.45252323,4.82940797433594,39.02217496071575
14.45252323,4.874323738541915,39.02217496071575
12.9333353,4.9192395027478915,39.02217496071575
12.9333353,4.964155266953868,39.02217496071575
12.97913074,5.009071031159843,39.02217496071575
12.97913074,5.0539867953658195,39.02217496071575
13.59246445,5.098902559571796,39.02217496071575
13.59246445,5.143818323777772,39.02217496071575
13.59101868,5.188734087983748,39.02217496071575
13.59101868,5.233649852189724,39.02217496071575
11.43173409,5.2785656163957,39.02217496071575
11.43173409,5.323481380601676,39.02217496071575
14.08791733,5.368397144807652,39.02217496071575
14.08791733,5.413312909013628,39.02217496071575
13.97154617,5.458228673219605,39.02217496071575
13.97154617,5.50314443742558,39.02217496071575
16.08687592,5.548060201631556,39.02217496071575
16.08687592,5.592975965837533,39.02217496071575
15.40243721,5.637891730043508,39.02217496071575
15.40243721,5.682807494249484,39.02217496071575
11.23485088,5.727723258455461,39.02217496071575
11.23485088,5.772639022661437,39.02217496071575
10.03491879,5.8175547868674125,39.02217496071575
10.03491879,5.862470551073389,39.02217496071575
9.82275295,5.907386315279365,39.02217496071575
9.82275295,5.9523020794853405,39.02217496071575
13.2842474,5.997217843691317,39.02217496071575
13.2842474,6.042133607897293,39.02217496071575
13.2842474,6.0870493721032695,39.02217496071575
13.2842474,6.131965136309245,39.02217496071575
15.37828445,6.176880900515221,39.02217496071575
11.76322746,4.380250332276177,39.057061510549275
11.76322746,4.425166096482154,39.057061510549275
11.76322746,4.47008186068813,39.057061510549275
11.76322746,4.514997624894106,39.057061510549275
16.46614456,4.559913389100082,39.057061510549275
16.46614456,4.604829153306058,39.057061510549275
16.12789917,4.6497449175120344,39.057061510549275
16.12789917,4.694660681718011,39.057061510549275
17.28604507,4.739576445923987,39.057061510549275
17.28604507,4.784492210129963,39.057061510549275
16.87946701,4.82940797433594,39.057061510549275
16.87946701,4.874323738541915,39.057061510549275
15.8855238,4.9192395027478915,39.057061510549275
15.8855238,4.964155266953868,39.057061510549275
15.20497131,5.009071031159843,39.057061510549275
15.20497131,5.0539867953658195,39.057061510549275
13.94499874,5.098902559571796,39.057061510549275
13.94499874,5.143818323777772,39.057061510549275
12.59385586,5.188734087983748,39.057061510549275
12.59385586,5.233649852189724,39.057061510549275
12.02750397,5.2785656163957,39.057061510549275
12.02750397,5.323481380601676,39.057061510549275
11.68694496,5.368397144807652,39.057061510549275
11.68694496,5.413312909013628,39.057061510549275
12.45459366,5.458228673219605,39.057061510549275
12.45459366,5.50314443742558,39.057061510549275
13.83177757,5.548060201631556,39.057061510549275
13.83177757,5.592975965837533,39.057061510549275
15.1075058,5.637891730043508,39.057061510549275
15.1075058,5.682807494249484,39.057061510549275
13.44124889,5.727723258455461,39.057061510549275
13.44124889,5.772639022661437,39.057061510549275
11.42916489,5.8175547868674125,39.057061510549275
11.42916489,5.862470551073389,39.057061510549275
10.64468861,5.907386315279365,39.057061510549275
10.64468861,5.9523020794853405,39.057061510549275
10.50909519,5.997217843691317,39.057061510549275
10.50909519,6.042133607897293,39.057061510549275
12.3079071,6.0870493721032695,39.057061510549275
12.3079071,6.131965136309245,39.057061510549275
14.85516071,6.176880900515221,39.057061510549275
11.76322746,4.380250332276177,39.09193083248592
11.76322746,4.425166096482154,39.09193083248592
11.76322746,4.47008186068813,39.09193083248592
11.76322746,4.514997624894106,39.09193083248592
16.46614456,4.559913389100082,39.09193083248592
16.46614456,4.604829153306058,39.09193083248592
16.12789917,4.6497449175120344,39.09193083248592
16.12789917,4.694660681718011,39.09193083248592
17.28604507,4.739576445923987,39.09193083248592
17.28604507,4.784492210129963,39.09193083248592
16.87946701,4.82940797433594,39.09193083248592
16.87946701,4.874323738541915,39.09193083248592
15.8855238,4.9192395027478915,39.09193083248592
15.8855238,4.964155266953868,39.09193083248592
15.20497131,5.009071031159843,39.09193083248592
15.20497131,5.0539867953658195,39.09193083248592
13.94499874,5.098902559571796,39.09193083248592
13.94499874,5.143818323777772,39.09193083248592
12.59385586,5.188734087983748,39.09193083248592
12.59385586,5.233649852189724,39.09193083248592
12.02750397,5.2785656163957,39.09193083248592
12.02750397,5.323481380601676,39.09193083248592
11.68694496,5.368397144807652,39.09193083248592
11.68694496,5.413312909013628,39.09193083248592
12.45459366,5.458228673219605,39.09193083248592
12.45459366,5.50314443742558,39.09193083248592
13.83177757,5.548060201631556,39.09193083248592
13.83177757,5.592975965837533,39.09193083248592
15.1075058,5.637891730043508,39.09193083248592
15.1075058,5.682807494249484,39.09193083248592
13.44124889,5.727723258455461,39.09193083248592
13.44124889,5.772639022661437,39.09193083248592
11.42916489,5.8175547868674125,39.09193083248592
11.42916489,5.862470551073389,39.09193083248592
10.64468861,5.907386315279365,39.09193083248592
10.64468861,5.9523020794853405,39.09193083248592
10.50909519,5.997217843691317,39.09193083248592
10.50909519,6.042133607897293,39.09193083248592
12.3079071,6.0870493721032695,39.09193083248592
12.3079071,6.131965136309245,39.09193083248592
14.85516071,6.176880900515221,39.09193083248592
10.57047272,4.380250332276177,39.12678292212493
10.57047272,4.425166096482154,39.12678292212493
17.22019958,4.47008186068813,39.12678292212493
17.22019958,4.514997624894106,39.12678292212493
16.22420883,4.559913389100082,39.12678292212493
16.22420883,4.604829153306058,39.12678292212493
16.55674171,4.6497449175120344,39.12678292212493
16.55674171,4.694660681718011,39.12678292212493
17.30862236,4.739576445923987,39.12678292212493
17.30862236,4.784492210129963,39.12678292212493
15.663949969999999,4.82940797433594,39.12678292212493
15.663949969999999,4.874323738541915,39.12678292212493
15.663949969999999,4.9192395027478915,39.12678292212493
15.663949969999999,4.964155266953868,39.12678292212493
15.32135963,5.009071031159843,39.12678292212493
15.32135963,5.0539867953658195,39.12678292212493
13.94499874,5.098902559571796,39.12678292212493
13.94499874,5.143818323777772,39.12678292212493
13.88566208,5.188734087983748,39.12678292212493
13.88566208,5.233649852189724,39.12678292212493
13.74487209,5.2785656163957,39.12678292212493
13.74487209,5.323481380601676,39.12678292212493
13.76199818,5.368397144807652,39.12678292212493
13.76199818,5.413312909013628,39.12678292212493
12.45459366,5.458228673219605,39.12678292212493
12.45459366,5.50314443742558,39.12678292212493
13.34858322,5.548060201631556,39.12678292212493
13.34858322,5.592975965837533,39.12678292212493
14.55316734,5.637891730043508,39.12678292212493
14.55316734,5.682807494249484,39.12678292212493
13.61397839,5.727723258455461,39.12678292212493
13.61397839,5.772639022661437,39.12678292212493
11.42916489,5.8175547868674125,39.12678292212493
11.42916489,5.862470551073389,39.12678292212493
12.35873508,5.907386315279365,39.12678292212493
12.35873508,5.9523020794853405,39.12678292212493
10.4197998,5.997217843691317,39.12678292212493
10.4197998,6.042133607897293,39.12678292212493
8.18838882,6.0870493721032695,39.12678292212493
8.18838882,6.131965136309245,39.12678292212493
10.57047272,4.380250332276177,39.16161777509324
10.57047272,4.425166096482154,39.16161777509324
17.22019958,4.47008186068813,39.16161777509324
17.22019958,4.514997624894106,39.16161777509324
16.22420883,4.559913389100082,39.16161777509324
16.22420883,4.604829153306058,39.16161777509324
16.55674171,4.6497449175120344,39.16161777509324
16.55674171,4.694660681718011,39.16161777509324
17.30862236,4.739576445923987,39.16161777509324
17.30862236,4.784492210129963,39.16161777509324
15.663949969999999,4.82940797433594,39.16161777509324
15.663949969999999,4.874323738541915,39.16161777509324
15.663949969999999,4.9192395027478915,39.16161777509324
15.663949969999999,4.964155266953868,39.16161777509324
15.32135963,5.009071031159843,39.16161777509324
15.32135963,5.0539867953658195,39.16161777509324
13.94499874,5.098902559571796,39.16161777509324
13.94499874,5.143818323777772,39.16161777509324
13.88566208,5.188734087983748,39.16161777509324
13.88566208,5.233649852189724,39.16161777509324
13.74487209,5.2785656163957,39.16161777509324
13.74487209,5.323481380601676,39.16161777509324
13.76199818,5.368397144807652,39.16161777509324
13.76199818,5.413312909013628,39.16161777509324
12.45459366,5.458228673219605,39.16161777509324
12.45459366,5.50314443742558,39.16161777509324
13.34858322,5.548060201631556,39.16161777509324
13.34858322,5.592975965837533,39.16161777509324
14.55316734,5.637891730043508,39.16161777509324
14.55316734,5.682807494249484,39.16161777509324
13.61397839,5.727723258455461,39.16161777509324
13.61397839,5.772639022661437,39.16161777509324
11.42916489,5.8175547868674125,39.16161777509324
11.42916489,5.862470551073389,39.16161777509324
12.35873508,5.907386315279365,39.16161777509324
12.35873508,5.9523020794853405,39.16161777509324
10.4197998,5.997217843691317,39.16161777509324
10.4197998,6.042133607897293,39.16161777509324
8.18838882,6.0870493721032695,39.16161777509324
8.18838882,6.131965136309245,39.16161777509324
8.6868,4.335334568070202,39.19643538704542
7.72866678,4.380250332276177,39.19643538704542
7.72866678,4.425166096482154,39.19643538704542
13.98395443,4.47008186068813,39.19643538704542
13.98395443,4.514997624894106,39.19643538704542
14.88103294,4.559913389100082,39.19643538704542
14.88103294,4.604829153306058,39.19643538704542
15.39990807,4.6497449175120344,39.19643538704542
15.39990807,4.694660681718011,39.19643538704542
18.10532761,4.739576445923987,39.19643538704542
18.10532761,4.784492210129963,39.19643538704542
15.7434473,4.82940797433594,39.19643538704542
15.7434473,4.874323738541915,39.19643538704542
13.76962852,4.9192395027478915,39.19643538704542
13.76962852,4.964155266953868,39.19643538704542
13.13453007,5.009071031159843,39.19643538704542
13.13453007,5.0539867953658195,39.19643538704542
14.141851429999999,5.098902559571796,39.19643538704542
14.141851429999999,5.143818323777772,39.19643538704542
13.80379009,5.188734087983748,39.19643538704542
13.80379009,5.233649852189724,39.19643538704542
13.35975838,5.2785656163957,39.19643538704542
13.35975838,5.323481380601676,39.19643538704542
11.50407028,5.368397144807652,39.19643538704542
11.50407028,5.413312909013628,39.19643538704542
12.3037281,5.458228673219605,39.19643538704542
12.3037281,5.50314443742558,39.19643538704542
14.09425259,5.548060201631556,39.19643538704542
14.09425259,5.592975965837533,39.19643538704542
14.91972446,5.637891730043508,39.19643538704542
14.91972446,5.682807494249484,39.19643538704542
13.56925869,5.727723258455461,39.19643538704542
13.56925869,5.772639022661437,39.19643538704542
11.24519157,5.8175547868674125,39.19643538704542
11.24519157,5.862470551073389,39.19643538704542
12.65080261,5.907386315279365,39.19643538704542
12.65080261,5.9523020794853405,39.19643538704542
10.7540884,5.997217843691317,39.19643538704542
10.7540884,6.042133607897293,39.19643538704542
8.77130604,6.0870493721032695,39.19643538704542
8.77130604,6.131965136309245,39.19643538704542
8.6868,4.335334568070202,39.23123575366369
7.72866678,4.380250332276177,39.23123575366369
7.72866678,4.425166096482154,39.23123575366369
13.98395443,4.47008186068813,39.23123575366369
13.98395443,4.514997624894106,39.23123575366369
14.88103294,4.559913389100082,39.23123575366369
14.88103294,4.604829153306058,39.23123575366369
15.39990807,4.6497449175120344,39.23123575366369
15.39990807,4.694660681718011,39.23123575366369
18.10532761,4.739576445923987,39.23123575366369
18.10532761,4.784492210129963,39.23123575366369
15.7434473,4.82940797433594,39.23123575366369
15.7434473,4.874323738541915,39.23123575366369
13.76962852,4.9192395027478915,39.23123575366369
13.76962852,4.964155266953868,39.23123575366369
13.13453007,5.009071031159843,39.23123575366369
13.13453007,5.0539867953658195,39.23123575366369
14.141851429999999,5.098902559571796,39.23123575366369
14.141851429999999,5.143818323777772,39.23123575366369
13.80379009,5.188734087983748,39.23123575366369
13.80379009,5.233649852189724,39.23123575366369
13.35975838,5.2785656163957,39.23123575366369
13.35975838,5.323481380601676,39.23123575366369
11.50407028,5.368397144807652,39.23123575366369
11.50407028,5.413312909013628,39.23123575366369
12.3037281,5.458228673219605,39.23123575366369
12.3037281,5.50314443742558,39.23123575366369
14.09425259,5.548060201631556,39.23123575366369
14.09425259,5.592975965837533,39.23123575366369
14.91972446,5.637891730043508,39.23123575366369
14.91972446,5.682807494249484,39.23123575366369
13.56925869,5.727723258455461,39.23123575366369
13.56925869,5.772639022661437,39.23123575366369
11.24519157,5.8175547868674125,39.23123575366369
11.24519157,5.862470551073389,39.23123575366369
12.65080261,5.907386315279365,39.23123575366369
12.65080261,5.9523020794853405,39.23123575366369
10.7540884,5.997217843691317,39.23123575366369
10.7540884,6.042133607897293,39.23123575366369
8.77130604,6.0870493721032695,39.23123575366369
8.77130604,6.131965136309245,39.23123575366369
6.42916203,4.335334568070202,39.26601887065782
6.11202049,4.380250332276177,39.26601887065782
6.11202049,4.425166096482154,39.26601887065782
12.93544483,4.47008186068813,39.26601887065782
12.93544483,4.514997624894106,39.26601887065782
12.98334789,4.559913389100082,39.26601887065782
12.98334789,4.604829153306058,39.26601887065782
12.94943237,4.6497449175120344,39.26601887065782
12.94943237,4.694660681718011,39.26601887065782
14.70355797,4.739576445923987,39.26601887065782
14.70355797,4.784492210129963,39.26601887065782
15.09692955,4.82940797433594,39.26601887065782
15.09692955,4.874323738541915,39.26601887065782
14.71538544,4.9192395027478915,39.26601887065782
14.71538544,4.964155266953868,39.26601887065782
13.54944897,5.009071031159843,39.26601887065782
13.54944897,5.0539867953658195,39.26601887065782
12.60761166,5.098902559571796,39.26601887065782
12.60761166,5.143818323777772,39.26601887065782
11.70566463,5.188734087983748,39.26601887065782
11.70566463,5.233649852189724,39.26601887065782
11.73421192,5.2785656163957,39.26601887065782
11.73421192,5.323481380601676,39.26601887065782
12.7237587,5.368397144807652,39.26601887065782
12.7237587,5.413312909013628,39.26601887065782
15.14866829,5.458228673219605,39.26601887065782
15.14866829,5.50314443742558,39.26601887065782
15.02595329,5.548060201631556,39.26601887065782
15.02595329,5.592975965837533,39.26601887065782
12.94761086,5.637891730043508,39.26601887065782
12.94761086,5.682807494249484,39.26601887065782
10.66069031,5.727723258455461,39.26601887065782
10.66069031,5.772639022661437,39.26601887065782
11.62302685,5.8175547868674125,39.26601887065782
11.62302685,5.862470551073389,39.26601887065782
11.62302685,5.907386315279365,39.26601887065782
11.62302685,5.9523020794853405,39.26601887065782
12.81900311,5.997217843691317,39.26601887065782
12.81900311,6.042133607897293,39.26601887065782
12.45713615,6.0870493721032695,39.26601887065782
6.42916203,4.335334568070202,39.3007847337652
6.11202049,4.380250332276177,39.3007847337652
6.11202049,4.425166096482154,39.3007847337652
12.93544483,4.47008186068813,39.3007847337652
12.93544483,4.514997624894106,39.3007847337652
12.98334789,4.559913389100082,39.3007847337652
12.98334789,4.604829153306058,39.3007847337652
12.94943237,4.6497449175120344,39.3007847337652
12.94943237,4.694660681718011,39.3007847337652
14.70355797,4.739576445923987,39.3007847337652
14.70355797,4.784492210129963,39.3007847337652
15.09692955,4.82940797433594,39.3007847337652
15.09692955,4.874323738541915,39.3007847337652
14.71538544,4.9192395027478915,39.3007847337652
14.71538544,4.964155266953868,39.3007847337652
13.54944897,5.009071031159843,39.3007847337652
13.54944897,5.0539867953658195,39.3007847337652
12.60761166,5.098902559571796,39.3007847337652
12.60761166,5.143818323777772,39.3007847337652
11.70566463,5.188734087983748,39.3007847337652
11.70566463,5.233649852189724,39.3007847337652
11.73421192,5.2785656163957,39.3007847337652
11.73421192,5.323481380601676,39.3007847337652
12.7237587,5.368397144807652,39.3007847337652
12.7237587,5.413312909013628,39.3007847337652
15.14866829,5.458228673219605,39.3007847337652
15.14866829,5.50314443742558,39.3007847337652
15.02595329,5.548060201631556,39.3007847337652
15.02595329,5.592975965837533,39.3007847337652
12.94761086,5.637891730043508,39.3007847337652
12.94761086,5.682807494249484,39.3007847337652
10.66069031,5.727723258455461,39.3007847337652
10.66069031,5.772639022661437,39.3007847337652
11.62302685,5.8175547868674125,39.3007847337652
11.62302685,5.862470551073389,39.3007847337652
11.62302685,5.907386315279365,39.3007847337652
11.62302685,5.9523020794853405,39.3007847337652
12.81900311,5.997217843691317,39.3007847337652
12.81900311,6.042133607897293,39.3007847337652
12.45713615,6.0870493721032695,39.3007847337652
5.52081347,4.380250332276177,39.33553333875069
5.52081347,4.425166096482154,39.33553333875069
12.60871696,4.47008186068813,39.33553333875069
12.60871696,4.514997624894106,39.33553333875069
12.91414642,4.559913389100082,39.33553333875069
12.91414642,4.604829153306058,39.33553333875069
11.88645744,4.6497449175120344,39.33553333875069
11.88645744,4.694660681718011,39.33553333875069
13.70891953,4.739576445923987,39.33553333875069
13.70891953,4.784492210129963,39.33553333875069
13.90250778,4.82940797433594,39.33553333875069
13.90250778,4.874323738541915,39.33553333875069
14.4942255,4.9192395027478915,39.33553333875069
14.4942255,4.964155266953868,39.33553333875069
14.65662575,5.009071031159843,39.33553333875069
14.65662575,5.0539867953658195,39.33553333875069
13.37057972,5.098902559571796,39.33553333875069
13.37057972,5.143818323777772,39.33553333875069
12.62468719,5.188734087983748,39.33553333875069
12.62468719,5.233649852189724,39.33553333875069
12.28098679,5.2785656163957,39.33553333875069
12.28098679,5.323481380601676,39.33553333875069
12.91002941,5.368397144807652,39.33553333875069
12.91002941,5.413312909013628,39.33553333875069
12.59198189,5.458228673219605,39.33553333875069
12.59198189,5.50314443742558,39.33553333875069
12.92687321,5.548060201631556,39.33553333875069
12.92687321,5.592975965837533,39.33553333875069
11.31760502,5.637891730043508,39.33553333875069
11.31760502,5.682807494249484,39.33553333875069
9.72160912,5.727723258455461,39.33553333875069
9.72160912,5.772639022661437,39.33553333875069
10.7333107,5.8175547868674125,39.33553333875069
10.7333107,5.862470551073389,39.33553333875069
11.15193558,5.907386315279365,39.33553333875069
11.15193558,5.9523020794853405,39.33553333875069
13.72552299,5.997217843691317,39.33553333875069
13.72552299,6.042133607897293,39.33553333875069
10.83035278,6.0870493721032695,39.33553333875069
5.52081347,4.425166096482154,39.370264681406724
12.60871696,4.47008186068813,39.370264681406724
12.60871696,4.514997624894106,39.370264681406724
12.91414642,4.559913389100082,39.370264681406724
12.91414642,4.604829153306058,39.370264681406724
11.88645744,4.6497449175120344,39.370264681406724
11.88645744,4.694660681718011,39.370264681406724
13.70891953,4.739576445923987,39.370264681406724
13.70891953,4.784492210129963,39.370264681406724
13.90250778,4.82940797433594,39.370264681406724
13.90250778,4.874323738541915,39.370264681406724
14.4942255,4.9192395027478915,39.370264681406724
14.4942255,4.964155266953868,39.370264681406724
14.65662575,5.009071031159843,39.370264681406724
14.65662575,5.0539867953658195,39.370264681406724
13.37057972,5.098902559571796,39.370264681406724
13.37057972,5.143818323777772,39.370264681406724
12.62468719,5.188734087983748,39.370264681406724
12.62468719,5.233649852189724,39.370264681406724
12.28098679,5.2785656163957,39.370264681406724
12.28098679,5.323481380601676,39.370264681406724
12.91002941,5.368397144807652,39.370264681406724
12.91002941,5.413312909013628,39.370264681406724
12.59198189,5.458228673219605,39.370264681406724
12.59198189,5.50314443742558,39.370264681406724
12.92687321,5.548060201631556,39.370264681406724
12.92687321,5.592975965837533,39.370264681406724
11.31760502,5.637891730043508,39.370264681406724
11.31760502,5.682807494249484,39.370264681406724
9.72160912,5.727723258455461,39.370264681406724
9.72160912,5.772639022661437,39.370264681406724
10.7333107,5.8175547868674125,39.370264681406724
10.7333107,5.862470551073389,39.370264681406724
11.15193558,5.907386315279365,39.370264681406724
11.15193558,5.9523020794853405,39.370264681406724
13.72552299,5.997217843691317,39.370264681406724
13.72552299,6.042133607897293,39.370264681406724
14.80243111,4.47008186068813,39.40497875755313
14.80243111,4.514997624894106,39.40497875755313
14.7393589,4.559913389100082,39.40497875755313
14.7393589,4.604829153306058,39.40497875755313
18.31561089,4.6497449175120344,39.40497875755313
18.31561089,4.694660681718011,39.40497875755313
14.99800587,4.739576445923987,39.40497875755313
14.99800587,4.784492210129963,39.40497875755313
14.1157589,4.82940797433594,39.40497875755313
14.1157589,4.874323738541915,39.40497875755313
15.02393246,4.9192395027478915,39.40497875755313
15.02393246,4.964155266953868,39.40497875755313
16.51119804,5.009071031159843,39.40497875755313
16.51119804,5.0539867953658195,39.40497875755313
13.86049938,5.098902559571796,39.40497875755313
13.86049938,5.143818323777772,39.40497875755313
12.91088581,5.188734087983748,39.40497875755313
12.91088581,5.233649852189724,39.40497875755313
12.72143745,5.2785656163957,39.40497875755313
12.72143745,5.323481380601676,39.40497875755313
12.50259209,5.368397144807652,39.40497875755313
12.50259209,5.413312909013628,39.40497875755313
14.54880047,5.458228673219605,39.40497875755313
14.54880047,5.50314443742558,39.40497875755313
13.10744858,5.548060201631556,39.40497875755313
13.10744858,5.592975965837533,39.40497875755313
12.61406898,5.637891730043508,39.40497875755313
12.61406898,5.682807494249484,39.40497875755313
11.45330238,5.727723258455461,39.40497875755313
11.45330238,5.772639022661437,39.40497875755313
9.96676064,5.8175547868674125,39.40497875755313
9.96676064,5.862470551073389,39.40497875755313
9.57656193,5.907386315279365,39.40497875755313
9.57656193,5.9523020794853405,39.40497875755313
12.35917091,5.997217843691317,39.40497875755313
12.35917091,6.042133607897293,39.40497875755313
14.80243111,4.514997624894106,39.43967556303721
14.7393589,4.559913389100082,39.43967556303721
14.7393589,4.604829153306058,39.43967556303721
18.31561089,4.6497449175120344,39.43967556303721
18.31561089,4.694660681718011,39.43967556303721
14.99800587,4.739576445923987,39.43967556303721
14.99800587,4.784492210129963,39.43967556303721
14.1157589,4.82940797433594,39.43967556303721
14.1157589,4.874323738541915,39.43967556303721
15.02393246,4.9192395027478915,39.43967556303721
15.02393246,4.964155266953868,39.43967556303721
16.51119804,5.009071031159843,39.43967556303721
16.51119804,5.0539867953658195,39.43967556303721
13.86049938,5.098902559571796,39.43967556303721
13.86049938,5.143818323777772,39.43967556303721
12.91088581,5.188734087983748,39.43967556303721
12.91088581,5.233649852189724,39.43967556303721
12.72143745,5.2785656163957,39.43967556303721
12.72143745,5.323481380601676,39.43967556303721
12.50259209,5.368397144807652,39.43967556303721
12.50259209,5.413312909013628,39.43967556303721
14.54880047,5.458228673219605,39.43967556303721
14.54880047,5.50314443742558,39.43967556303721
13.10744858,5.548060201631556,39.43967556303721
13.10744858,5.592975965837533,39.43967556303721
12.61406898,5.637891730043508,39.43967556303721
12.61406898,5.682807494249484,39.43967556303721
11.45330238,5.727723258455461,39.43967556303721
11.45330238,5.772639022661437,39.43967556303721
9.96676064,5.8175547868674125,39.43967556303721
9.96676064,5.862470551073389,39.43967556303721
9.57656193,5.907386315279365,39.43967556303721
9.57656193,5.9523020794853405,39.43967556303721
12.35917091,5.997217843691317,39.43967556303721
12.35917091,6.042133607897293,39.43967556303721
13.58971977,4.559913389100082,39.474355093733685
13.58971977,4.604829153306058,39.474355093733685
8.18468571,4.6497449175120344,39.474355093733685
8.18468571,4.694660681718011,39.474355093733685
16.64916229,4.739576445923987,39.474355093733685
16.64916229,4.784492210129963,39.474355093733685
17.93055916,4.82940797433594,39.474355093733685
17.93055916,4.874323738541915,39.474355093733685
22.28282928,4.9192395027478915,39.474355093733685
22.28282928,4.964155266953868,39.474355093733685
19.72959709,5.009071031159843,39.474355093733685
19.72959709,5.0539867953658195,39.474355093733685
14.42726803,5.098902559571796,39.474355093733685
14.42726803,5.143818323777772,39.474355093733685
11.96265507,5.188734087983748,39.474355093733685
11.96265507,5.233649852189724,39.474355093733685
11.96265507,5.2785656163957,39.474355093733685
11.96265507,5.323481380601676,39.474355093733685
12.32509613,5.368397144807652,39.474355093733685
12.32509613,5.413312909013628,39.474355093733685
13.33790112,5.458228673219605,39.474355093733685
13.33790112,5.50314443742558,39.474355093733685
13.60110378,5.548060201631556,39.474355093733685
13.60110378,5.592975965837533,39.474355093733685
12.13360882,5.637891730043508,39.474355093733685
12.13360882,5.682807494249484,39.474355093733685
11.94750309,5.727723258455461,39.474355093733685
11.94750309,5.772639022661437,39.474355093733685
10.95116043,5.8175547868674125,39.474355093733685
10.95116043,5.862470551073389,39.474355093733685
10.1440649,5.907386315279365,39.474355093733685
10.1440649,5.9523020794853405,39.474355093733685
12.45847893,5.997217843691317,39.474355093733685
13.58971977,4.604829153306058,39.5090173455446
8.18468571,4.6497449175120344,39.5090173455446
8.18468571,4.694660681718011,39.5090173455446
16.64916229,4.739576445923987,39.5090173455446
16.64916229,4.784492210129963,39.5090173455446
17.93055916,4.82940797433594,39.5090173455446
17.93055916,4.874323738541915,39.5090173455446
22.28282928,4.9192395027478915,39.5090173455446
22.28282928,4.964155266953868,39.5090173455446
19.72959709,5.009071031159843,39.5090173455446
19.72959709,5.0539867953658195,39.5090173455446
14.42726803,5.098902559571796,39.5090173455446
14.42726803,5.143818323777772,39.5090173455446
11.96265507,5.188734087983748,39.5090173455446
11.96265507,5.233649852189724,39.5090173455446
11.96265507,5.2785656163957,39.5090173455446
11.96265507,5.323481380601676,39.5090173455446
12.32509613,5.368397144807652,39.5090173455446
12.32509613,5.413312909013628,39.5090173455446
13.33790112,5.458228673219605,39.5090173455446
13.33790112,5.50314443742558,39.5090173455446
13.60110378,5.548060201631556,39.5090173455446
13.60110378,5.592975965837533,39.5090173455446
12.13360882,5.637891730043508,39.5090173455446
12.13360882,5.682807494249484,39.5090173455446
11.94750309,5.727723258455461,39.5090173455446
11.94750309,5.772639022661437,39.5090173455446
10.95116043,5.8175547868674125,39.5090173455446
10.95116043,5.862470551073389,39.5090173455446
10.1440649,5.907386315279365,39.5090173455446
10.1440649,5.9523020794853405,39.5090173455446
12.45847893,5.997217843691317,39.5090173455446
8.18468571,4.6497449175120344,39.543662314399405
8.18468571,4.694660681718011,39.543662314399405
8.41494656,4.739576445923987,39.543662314399405
8.41494656,4.784492210129963,39.543662314399405
11.22273731,4.82940797433594,39.543662314399405
11.22273731,4.874323738541915,39.543662314399405
18.94255638,4.9192395027478915,39.543662314399405
18.94255638,4.964155266953868,39.543662314399405
19.72959709,5.009071031159843,39.543662314399405
19.72959709,5.0539867953658195,39.543662314399405
15.45969963,5.098902559571796,39.543662314399405
15.45969963,5.143818323777772,39.543662314399405
13.14242363,5.188734087983748,39.543662314399405
13.14242363,5.233649852189724,39.543662314399405
13.60280323,5.2785656163957,39.543662314399405
13.60280323,5.323481380601676,39.543662314399405
13.04788876,5.368397144807652,39.543662314399405
13.04788876,5.413312909013628,39.543662314399405
13.36186123,5.458228673219605,39.543662314399405
13.36186123,5.50314443742558,39.543662314399405
10.26507187,5.548060201631556,39.543662314399405
10.26507187,5.592975965837533,39.543662314399405
12.32036495,5.637891730043508,39.543662314399405
12.32036495,5.682807494249484,39.543662314399405
12.32036495,5.727723258455461,39.543662314399405
12.32036495,5.772639022661437,39.543662314399405
13.91895294,5.8175547868674125,39.543662314399405
13.91895294,5.862470551073389,39.543662314399405
11.89612007,5.907386315279365,39.543662314399405
11.89612007,5.9523020794853405,39.543662314399405
10.65525723,5.997217843691317,39.543662314399405
8.18468571,4.694660681718011,39.578289996254824
8.41494656,4.739576445923987,39.578289996254824
8.41494656,4.784492210129963,39.578289996254824
11.22273731,4.82940797433594,39.578289996254824
11.22273731,4.874323738541915,39.578289996254824
18.94255638,4.9192395027478915,39.578289996254824
18.94255638,4.964155266953868,39.578289996254824
19.72959709,5.009071031159843,39.578289996254824
19.72959709,5.0539867953658195,39.578289996254824
15.45969963,5.098902559571796,39.578289996254824
15.45969963,5.143818323777772,39.578289996254824
13.14242363,5.188734087983748,39.578289996254824
13.14242363,5.233649852189724,39.578289996254824
13.60280323,5.2785656163957,39.578289996254824
13.60280323,5.323481380601676,39.578289996254824
13.04788876,5.368397144807652,39.578289996254824
13.04788876,5.413312909013628,39.578289996254824
13.36186123,5.458228673219605,39.578289996254824
13.36186123,5.50314443742558,39.578289996254824
10.26507187,5.548060201631556,39.578289996254824
10.26507187,5.592975965837533,39.578289996254824
12.32036495,5.637891730043508,39.578289996254824
12.32036495,5.682807494249484,39.578289996254824
12.32036495,5.727723258455461,39.578289996254824
12.32036495,5.772639022661437,39.578289996254824
13.91895294,5.8175547868674125,39.578289996254824
13.91895294,5.862470551073389,39.578289996254824
11.89612007,5.907386315279365,39.578289996254824
11.89612007,5.9523020794853405,39.578289996254824
0,4.784492210129963,39.61290038709487
7.31270313,4.82940797433594,39.61290038709487
7.31270313,4.874323738541915,39.61290038709487
10.73611355,4.9192395027478915,39.61290038709487
10.73611355,4.964155266953868,39.61290038709487
18.08621979,5.009071031159843,39.61290038709487
18.08621979,5.0539867953658195,39.61290038709487
15.89030647,5.098902559571796,39.61290038709487
15.89030647,5.143818323777772,39.61290038709487
13.01892281,5.188734087983748,39.61290038709487
13.01892281,5.233649852189724,39.61290038709487
13.8673172,5.2785656163957,39.61290038709487
13.8673172,5.323481380601676,39.61290038709487
13.04788876,5.368397144807652,39.61290038709487
13.04788876,5.413312909013628,39.61290038709487
11.48474789,5.458228673219605,39.61290038709487
11.48474789,5.50314443742558,39.61290038709487
12.07576561,5.548060201631556,39.61290038709487
12.07576561,5.592975965837533,39.61290038709487
14.39956379,5.637891730043508,39.61290038709487
14.39956379,5.682807494249484,39.61290038709487
13.83544922,5.727723258455461,39.61290038709487
13.83544922,5.772639022661437,39.61290038709487
15.24179459,5.8175547868674125,39.61290038709487
15.24179459,5.862470551073389,39.61290038709487
15.00652409,5.907386315279365,39.61290038709487
7.31270313,4.874323738541915,39.647493482930805
10.73611355,4.9192395027478915,39.647493482930805
10.73611355,4.964155266953868,39.647493482930805
18.08621979,5.009071031159843,39.647493482930805
18.08621979,5.0539867953658195,39.647493482930805
15.89030647,5.098902559571796,39.647493482930805
15.89030647,5.143818323777772,39.647493482930805
13.01892281,5.188734087983748,39.647493482930805
13.01892281,5.233649852189724,39.647493482930805
13.8673172,5.2785656163957,39.647493482930805
13.8673172,5.323481380601676,39.647493482930805
13.04788876,5.368397144807652,39.647493482930805
13.04788876,5.413312909013628,39.647493482930805
11.48474789,5.458228673219605,39.647493482930805
11.48474789,5.50314443742558,39.647493482930805
12.07576561,5.548060201631556,39.647493482930805
12.07576561,5.592975965837533,39.647493482930805
14.39956379,5.637891730043508,39.647493482930805
14.39956379,5.682807494249484,39.647493482930805
13.83544922,5.727723258455461,39.647493482930805
13.83544922,5.772639022661437,39.647493482930805
15.24179459,5.8175547868674125,39.647493482930805
15.24179459,5.862470551073389,39.647493482930805
15.00652409,5.907386315279365,39.647493482930805
10.54108524,4.9192395027478915,39.68206927980113
10.54108524,4.964155266953868,39.68206927980113
14.20106697,5.009071031159843,39.68206927980113
14.20106697,5.0539867953658195,39.68206927980113
18.30495071,5.098902559571796,39.68206927980113
18.30495071,5.143818323777772,39.68206927980113
13.92418766,5.188734087983748,39.68206927980113
13.92418766,5.233649852189724,39.68206927980113
13.93336105,5.2785656163957,39.68206927980113
13.93336105,5.323481380601676,39.68206927980113
11.98136711,5.368397144807652,39.68206927980113
11.98136711,5.413312909013628,39.68206927980113
11.98799038,5.458228673219605,39.68206927980113
11.98799038,5.50314443742558,39.68206927980113
11.92655659,5.548060201631556,39.68206927980113
11.92655659,5.592975965837533,39.68206927980113
10.9686451,5.637891730043508,39.68206927980113
10.9686451,5.682807494249484,39.68206927980113
15.69302845,5.727723258455461,39.68206927980113
15.69302845,5.772639022661437,39.68206927980113
15.62845993,5.8175547868674125,39.68206927980113
15.62845993,5.862470551073389,39.68206927980113
14.20106697,5.009071031159843,39.71662777377149
14.20106697,5.0539867953658195,39.71662777377149
18.30495071,5.098902559571796,39.71662777377149
18.30495071,5.143818323777772,39.71662777377149
13.92418766,5.188734087983748,39.71662777377149
13.92418766,5.233649852189724,39.71662777377149
13.93336105,5.2785656163957,39.71662777377149
13.93336105,5.323481380601676,39.71662777377149
11.98136711,5.368397144807652,39.71662777377149
11.98136711,5.413312909013628,39.71662777377149
11.98799038,5.458228673219605,39.71662777377149
11.98799038,5.50314443742558,39.71662777377149
11.92655659,5.548060201631556,39.71662777377149
11.92655659,5.592975965837533,39.71662777377149
10.9686451,5.637891730043508,39.71662777377149
10.9686451,5.682807494249484,39.71662777377149
15.69302845,5.727723258455461,39.71662777377149
15.69302845,5.772639022661437,39.71662777377149
15.62845993,5.8175547868674125,39.71662777377149
15.62845993,5.862470551073389,39.71662777377149
13.55750561,5.098902559571796,39.75116896093472
13.55750561,5.143818323777772,39.75116896093472
14.82877922,5.188734087983748,39.75116896093472
14.82877922,5.233649852189724,39.75116896093472
13.15290165,5.2785656163957,39.75116896093472
13.15290165,5.323481380601676,39.75116896093472
13.03341293,5.368397144807652,39.75116896093472
13.03341293,5.413312909013628,39.75116896093472
13.7254076,5.458228673219605,39.75116896093472
13.7254076,5.50314443742558,39.75116896093472
14.48427296,5.548060201631556,39.75116896093472
14.48427296,5.592975965837533,39.75116896093472
9.32915974,5.637891730043508,39.75116896093472
9.32915974,5.682807494249484,39.75116896093472
10.45823765,5.727723258455461,39.75116896093472
10.45823765,5.772639022661437,39.75116896093472
11.19674015,5.8175547868674125,39.75116896093472
13.55750561,5.143818323777772,39.78569283741076
14.82877922,5.188734087983748,39.78569283741076
14.82877922,5.233649852189724,39.78569283741076
13.15290165,5.2785656163957,39.78569283741076
13.15290165,5.323481380601676,39.78569283741076
13.03341293,5.368397144807652,39.78569283741076
13.03341293,5.413312909013628,39.78569283741076
13.7254076,5.458228673219605,39.78569283741076
13.7254076,5.50314443742558,39.78569283741076
14.48427296,5.548060201631556,39.78569283741076
14.48427296,5.592975965837533,39.78569283741076
9.32915974,5.637891730043508,39.78569283741076
9.32915974,5.682807494249484,39.78569283741076
10.45823765,5.727723258455461,39.78569283741076
4.79295492,5.233649852189724,39.82019939934665
8.53407574,5.2785656163957,39.82019939934665
8.53407574,5.323481380601676,39.82019939934665
14.98294353,5.368397144807652,39.82019939934665
14.98294353,5.413312909013628,39.82019939934665
17.23448753,5.458228673219605,39.82019939934665
17.23448753,5.50314443742558,39.82019939934665
13.8340683,5.548060201631556,39.82019939934665
13.8340683,5.592975965837533,39.82019939934665
13.8340683,5.637891730043508,39.82019939934665
14.98294353,5.413312909013628,39.854688642916486
17.23448753,5.458228673219605,39.854688642916486
17.23448753,5.50314443742558,39.854688642916486
13.8340683,5.548060201631556,39.854688642916486
